<?xml version="1.0" encoding="UTF-8"?>
<project-private xmlns="http://www.netbeans.org/ns/project-private/1">
    <editor-bookmarks xmlns="http://www.netbeans.org/ns/editor-bookmarks/2" lastBookmarkId="0"/>
    <open-files xmlns="http://www.netbeans.org/ns/projectui-open-files/2">
        <group>
            <file>file:/C:/Users/Juan%20Carlos/Desktop/New%20folder/Run3Dispositivos/Run3Dispositivos/src/run3dispositivos/IOperacionesAritmericas.java</file>
            <file>file:/C:/Users/Juan%20Carlos/Desktop/New%20folder/Run3Dispositivos/Run3Dispositivos/src/run3dispositivos/DispositivosElectronicos.java</file>
            <file>file:/C:/Users/Juan%20Carlos/Desktop/New%20folder/Run3Dispositivos/Run3Dispositivos/src/run3dispositivos/Run3Dispositivos.java</file>
            <file>file:/C:/Users/Juan%20Carlos/Desktop/New%20folder/Run3Dispositivos/Run3Dispositivos/src/run3dispositivos/Telefono.java</file>
            <file>file:/C:/Users/Juan%20Carlos/Desktop/New%20folder/Run3Dispositivos/Run3Dispositivos/src/run3dispositivos/Calculadora.java</file>
        </group>
    </open-files>
</project-private>
